"id","radius_mean","texture_mean","perimeter_mean","area_mean","smoothness_mean","compactness_mean","concavity_mean","concave points_mean","symmetry_mean","fractal_dimension_mean","radius_se","texture_se","perimeter_se","area_se","smoothness_se","compactness_se","concavity_se","concave points_se","symmetry_se","fractal_dimension_se","radius_worst","texture_worst","perimeter_worst","area_worst","smoothness_worst","compactness_worst","concavity_worst","concave points_worst","symmetry_worst","fractal_dimension_worst",
1550010,13.3,21.57,85.24,546.1,0.08582,0.06373,0.03344,0.02424,0.1815,0.05696,0.2621,1.539,2.028,20.98,0.005498,0.02045,0.01795,0.006399,0.01829,0.001956,14.2,29.2,92.94,621.2,0.114,0.1667,0.1212,0.05614,0.2637,0.06658
200011,10.48,14.98,67.49,333.6,0.09816,0.1013,0.06335,0.02218,0.1925,0.06915,0.3276,1.127,2.564,20.77,0.007364,0.03867,0.05263,0.01264,0.02161,0.00483,12.13,21.57,81.41,440.4,0.1327,0.2996,0.2939,0.0931,0.302,0.09646
159460,15.05,19.07,97.26,701.9,0.09215,0.08597,0.07486,0.04335,0.1561,0.05915,0.386,1.198,2.63,38.49,0.004952,0.0163,0.02967,0.009423,0.01152,0.001718,17.58,28.06,113.8,967,0.1246,0.2101,0.2866,0.112,0.2282,0.06954
125311,11.2,29.37,70.67,386,0.07449,0.03558,0,0,0.106,0.05502,0.3141,3.896,2.041,22.81,0.007594,0.008878,0,0,0.01989,0.001773,11.92,38.3,75.19,439.6,0.09267,0.05494,0,0,0.1566,0.05905
112962,27.42,26.27,186.9,2501,0.1084,0.1988,0.3635,0.1689,0.2061,0.05623,2.547,1.306,18.65,542.2,0.00765,0.05374,0.08055,0.02598,0.01697,0.004558,36.04,31.37,251.2,4254,0.1357,0.4256,0.6833,0.2625,0.2641,0.07427
222123,15.73,11.28,102.8,747.2,0.1043,0.1299,0.1191,0.06211,0.1784,0.06259,0.163,0.3871,1.143,13.87,0.006034,0.0182,0.03336,0.01067,0.01175,0.002256,17.01,14.2,112.5,854.3,0.1541,0.2979,0.4004,0.1452,0.2557,0.08181

Kl