"id","radius_mean","texture_mean","perimeter_mean","area_mean","smoothness_mean","compactness_mean","concavity_mean","concave points_mean","symmetry_mean","fractal_dimension_mean","radius_se","texture_se","perimeter_se","area_se","smoothness_se","compactness_se","concavity_se","concave points_se","symmetry_se","fractal_dimension_se","radius_worst","texture_worst","perimeter_worst","area_worst","smoothness_worst","compactness_worst","concavity_worst","concave points_worst","symmetry_worst","fractal_dimension_worst"
150010,13.3,21.57,85.24,546.1,0.08582,0.06373,0.03344,0.02424,0.1815,0.05696,0.2621,1.539,2.028,20.98,0.005498,0.02045,0.01795,0.006399,0.01829,0.001956,14.2,29.2,92.94,621.2,0.114,0.1667,0.1212,0.05614,0.2637,0.06658
150011,10.48,14.98,67.49,333.6,0.09816,0.1013,0.06335,0.02218,0.1925,0.06915,0.3276,1.127,2.564,20.77,0.007364,0.03867,0.05263,0.01264,0.02161,0.00483,12.13,21.57,81.41,440.4,0.1327,0.2996,0.2939,0.0931,0.302,0.09646
91594602,M,15.05,19.07,97.26,701.9,0.09215,0.08597,0.07486,0.04335,0.1561,0.05915,0.386,1.198,2.63,38.49,0.004952,0.0163,0.02967,0.009423,0.01152,0.001718,17.58,28.06,113.8,967,0.1246,0.2101,0.2866,0.112,0.2282,0.06954

